what,kind,bundleId,bundleVersion,description,time
started,bundle,org.eclipse.cdt.make.core,7.0.1.201102110609,"org.eclipse.cdt.make.core",1605621241543
started,bundle,org.eclipse.cdt.make.ui,7.0.0.201102110609,"org.eclipse.cdt.make.ui",1605621241546
started,bundle,org.eclipse.cdt.managedbuilder.core,7.0.2.201102110609,"org.eclipse.cdt.managedbuilder.core",1605621241549
started,bundle,org.eclipse.cdt.managedbuilder.gnu.ui,7.0.0.201102110609,"org.eclipse.cdt.managedbuilder.gnu.ui",1605621241551
started,bundle,org.eclipse.cdt.ui,5.2.2.201102110609,"org.eclipse.cdt.ui",1605621241551
started,bundle,org.eclipse.compare.core,3.5.101.R36x_v20100929-0800,"org.eclipse.compare.core",1605621241553
started,bundle,org.eclipse.core.resources,3.6.1.R36x_v20110131-1630,"org.eclipse.core.resources",1605621241555
started,bundle,org.eclipse.epp.usagedata.gathering,1.3.1.R201102081640,"org.eclipse.epp.usagedata.gathering",1605621241556
started,bundle,org.eclipse.epp.usagedata.recording,1.3.1.R201102081640,"org.eclipse.epp.usagedata.recording",1605621241558
started,bundle,org.eclipse.equinox.p2.core,2.0.3.R36x_v20110111,"org.eclipse.equinox.p2.core",1605621241560
started,bundle,org.eclipse.equinox.p2.directorywatcher,1.0.203.R36x_v20101220,"org.eclipse.equinox.p2.directorywatcher",1605621241563
started,bundle,org.eclipse.equinox.p2.engine,2.0.1.R36x_v20110201,"org.eclipse.equinox.p2.engine",1605621241564
started,bundle,org.eclipse.equinox.p2.metadata,2.0.1.R36x_v20101202,"org.eclipse.equinox.p2.metadata",1605621241566
started,bundle,org.eclipse.equinox.p2.reconciler.dropins,1.1.2.R36x_v20110114,"org.eclipse.equinox.p2.reconciler.dropins",1605621241568
started,bundle,org.eclipse.equinox.p2.repository,2.0.2.R36x_v20110111-1500,"org.eclipse.equinox.p2.repository",1605621241570
started,bundle,org.eclipse.jface,3.6.2.M20110210-1200,"org.eclipse.jface",1605621241572
started,bundle,org.eclipse.ltk.core.refactoring,3.5.101.r362_v20101117-0800,"org.eclipse.ltk.core.refactoring",1605621241575
started,bundle,org.eclipse.mylyn.monitor.ui,3.4.1.v20110131-0100-e3x,"org.eclipse.mylyn.monitor.ui",1605621241577
started,bundle,org.eclipse.team.core,3.5.101.R36x_v20110203-1036,"org.eclipse.team.core",1605621241580
started,bundle,org.eclipse.team.cvs.core,3.3.301.R36x_v20110119-0815,"org.eclipse.team.cvs.core",1605621241581
started,bundle,org.eclipse.team.cvs.ui,3.3.302.R36x_v20110203-1036,"org.eclipse.team.cvs.ui",1605621241584
started,bundle,org.eclipse.team.ui,3.5.102.R36x_v20110203-1036,"org.eclipse.team.ui",1605621241586
started,bundle,org.eclipse.ui,3.6.2.M20110203-1100,"org.eclipse.ui",1605621241590
started,bundle,org.eclipse.ui.ide,3.6.2.M20101201-0800,"org.eclipse.ui.ide",1605621241594
started,bundle,org.eclipse.ui.navigator.resources,3.4.202.M20101124-0800,"org.eclipse.ui.navigator.resources",1605621241597
started,bundle,org.eclipse.ui.views,3.5.1.M20110202-0800,"org.eclipse.ui.views",1605621241599
started,bundle,org.eclipse.ui.workbench,3.6.2.M20110210-1200,"org.eclipse.ui.workbench",1605621241604
os,sysinfo,,,"win32",1605621241610
arch,sysinfo,,,"x86",1605621241610
ws,sysinfo,,,"win32",1605621241610
locale,sysinfo,,,"fr_FR",1605621241610
processors,sysinfo,,,"4",1605621241610
java.runtime.name,sysinfo,,,"Java(TM) SE Runtime Environment",1605621241610
java.runtime.version,sysinfo,,,"1.6.0_23-b05",1605621241610
java.specification.name,sysinfo,,,"Java Platform API Specification",1605621241610
java.specification.vendor,sysinfo,,,"Sun Microsystems Inc.",1605621241610
java.specification.version,sysinfo,,,"1.6",1605621241610
java.vendor,sysinfo,,,"Sun Microsystems Inc.",1605621241610
java.version,sysinfo,,,"1.6.0_23",1605621241610
java.vm.info,sysinfo,,,"mixed mode",1605621241610
java.vm.name,sysinfo,,,"Java HotSpot(TM) Client VM",1605621241610
java.vm.specification.name,sysinfo,,,"Java Virtual Machine Specification",1605621241610
java.vm.specification.vendor,sysinfo,,,"Sun Microsystems Inc.",1605621241610
java.vm.specification.version,sysinfo,,,"1.0",1605621241610
java.vm.vendor,sysinfo,,,"Sun Microsystems Inc.",1605621241610
java.vm.version,sysinfo,,,"19.0-b09",1605621241610
activated,view,org.eclipse.ui.navigator.resources,3.4.202.M20101124-0800,"org.eclipse.ui.navigator.ProjectExplorer",1605621241890
started,bundle,org.eclipse.mylyn.commons.ui,3.4.0.v20100608-0100-e3x,"org.eclipse.mylyn.commons.ui",1605621241938
started,bundle,org.eclipse.mylyn.bugzilla.core,3.4.2.v20100902-0100-e3x,"org.eclipse.mylyn.bugzilla.core",1605621242041
started,bundle,org.eclipse.mylyn.bugzilla.ui,3.4.3.v20110131-0100-e3x,"org.eclipse.mylyn.bugzilla.ui",1605621242086
started,bundle,org.eclipse.mylyn.context.core,3.4.1.v20100909-0100-e3x,"org.eclipse.mylyn.context.core",1605621242471
started,bundle,org.eclipse.mylyn.context.ui,3.4.2.v20110131-0100-e3x,"org.eclipse.mylyn.context.ui",1605621242492
started,bundle,org.eclipse.mylyn.tasks.ui,3.4.3.v20110131-0100-e3x,"org.eclipse.mylyn.tasks.ui",1605621242884
started,bundle,org.eclipse.epp.usagedata.ui,1.3.1.R201102081640,"org.eclipse.epp.usagedata.ui",1605621242886
started,bundle,com.altera.sbtgui.core,11.1.0.259,"com.altera.sbtgui.core",1605621242888
started,bundle,org.eclipse.mylyn.team.ui,3.4.3.v20110131-0100-e3x,"org.eclipse.mylyn.team.ui",1605621242912
started,bundle,org.eclipse.compare,3.5.101.R36x_v20100929-0800,"org.eclipse.compare",1605621243061
deactivated,workbench,org.eclipse.ui.workbench,3.6.2.M20110210-1200,"",1605621246253
activated,workbench,org.eclipse.ui.workbench,3.6.2.M20110210-1200,"",1605621247950
started,bundle,org.eclipse.debug.ui,3.6.3.v20101201_r362,"org.eclipse.debug.ui",1605621250977
started,bundle,org.eclipse.cdt.debug.core,7.0.0.201102110609,"org.eclipse.cdt.debug.core",1605621251303
started,bundle,org.eclipse.cdt.debug.ui,7.0.0.201102110609,"org.eclipse.cdt.debug.ui",1605621251314
deactivated,workbench,org.eclipse.ui.workbench,3.6.2.M20110210-1200,"",1605621254589
opened,view,org.eclipse.ui.console,3.5.0.v20100526,"org.eclipse.ui.console.ConsoleView",1605621255743
activated,workbench,org.eclipse.ui.workbench,3.6.2.M20110210-1200,"",1605621263253
started,bundle,org.eclipse.cdt.launch,6.1.0.201102110609,"org.eclipse.cdt.launch",1605621273853
started,bundle,com.altera.debug.cdi.gdb.plugin,11.1.0.259,"com.altera.debug.cdi.gdb.plugin",1605621288199
deactivated,workbench,org.eclipse.ui.workbench,3.6.2.M20110210-1200,"",1605621288730
activated,workbench,org.eclipse.ui.workbench,3.6.2.M20110210-1200,"",1605621309192
executed,command,,,"com.altera.sbtgui.launch.hardware.Nios2HardwareLaunchShortcut.run",1605621309272
activated,view,org.eclipse.ui.console,3.5.0.v20100526,"org.eclipse.ui.console.ConsoleView",1605621312490
opened,view,com.altera.sbtgui.launch,11.1.0.259,"com.altera.sbtgui.launch.hardware.ByteStreamConsoleView",1605621316900
started,bundle,org.eclipse.cdt.debug.mi.ui,6.1.0.201102110609,"org.eclipse.cdt.debug.mi.ui",1605621317428
started,bundle,org.eclipse.cdt.dsf,2.1.1.201102110609,"org.eclipse.cdt.dsf",1605621317522
started,bundle,org.eclipse.cdt.dsf.gdb,3.0.0.201102110609,"org.eclipse.cdt.dsf.gdb",1605621317524
started,bundle,org.eclipse.cdt.dsf.gdb.ui,2.1.0.201102110609,"org.eclipse.cdt.dsf.gdb.ui",1605621317526
started,bundle,org.eclipse.cdt.debug.mi.core,7.0.1.201102110609,"org.eclipse.cdt.debug.mi.core",1605621317564
error,log,,,"Failed Executing: [nios2-download, '--cable=USB-Blaster on localhost [USB-0]', --device=1, --instance=0, --stop, --accept-bad-sysid, --sidp=Not Found] return code: 8",1605621323925
activated,view,com.altera.sbtgui.launch,11.1.0.259,"com.altera.sbtgui.launch.hardware.ByteStreamConsoleView",1605621330167
activated,editor,org.eclipse.cdt.ui,5.2.2.201102110609,"org.eclipse.cdt.ui.editor.CEditor",1605621361547
activated,view,com.altera.sbtgui.launch,11.1.0.259,"com.altera.sbtgui.launch.hardware.ByteStreamConsoleView",1605621393663
activated,editor,org.eclipse.cdt.ui,5.2.2.201102110609,"org.eclipse.cdt.ui.editor.CEditor",1605621413646
deactivated,workbench,org.eclipse.ui.workbench,3.6.2.M20110210-1200,"",1605621455314
activated,workbench,org.eclipse.ui.workbench,3.6.2.M20110210-1200,"",1605621498506
deactivated,workbench,org.eclipse.ui.workbench,3.6.2.M20110210-1200,"",1605621544731
activated,workbench,org.eclipse.ui.workbench,3.6.2.M20110210-1200,"",1605621611977
executed,command,org.eclipse.ui,3.6.2.M20110203-1100,"org.eclipse.ui.edit.copy",1605621617993
executed,command,org.eclipse.ui,3.6.2.M20110203-1100,"org.eclipse.ui.edit.copy",1605621622406
executed,command,org.eclipse.ui,3.6.2.M20110203-1100,"org.eclipse.ui.edit.paste",1605621625280
executed,command,org.eclipse.ui,3.6.2.M20110203-1100,"org.eclipse.ui.edit.copy",1605621631628
executed,command,org.eclipse.ui,3.6.2.M20110203-1100,"org.eclipse.ui.edit.paste",1605621633942
executed,command,org.eclipse.ui,3.6.2.M20110203-1100,"org.eclipse.ui.edit.copy",1605621653114
executed,command,org.eclipse.ui,3.6.2.M20110203-1100,"org.eclipse.ui.edit.paste",1605621655241
executed,command,org.eclipse.ui,3.6.2.M20110203-1100,"org.eclipse.ui.edit.copy",1605621680245
executed,command,org.eclipse.ui,3.6.2.M20110203-1100,"org.eclipse.ui.edit.paste",1605621683244
executed,command,org.eclipse.ui,3.6.2.M20110203-1100,"org.eclipse.ui.file.save",1605621696020
activated,view,com.altera.sbtgui.launch,11.1.0.259,"com.altera.sbtgui.launch.hardware.ByteStreamConsoleView",1605621715880
activated,view,org.eclipse.ui.console,3.5.0.v20100526,"org.eclipse.ui.console.ConsoleView",1605621720933
error,log,,,"Failed Executing: [nios2-download, '--cable=USB-Blaster on localhost [USB-0]', --device=1, --instance=0, --stop, --accept-bad-sysid, --sidp=Not Found] return code: 8",1605621722965
activated,view,com.altera.sbtgui.launch,11.1.0.259,"com.altera.sbtgui.launch.hardware.ByteStreamConsoleView",1605621730292
deactivated,workbench,org.eclipse.ui.workbench,3.6.2.M20110210-1200,"",1605621734364
activated,workbench,org.eclipse.ui.workbench,3.6.2.M20110210-1200,"",1605621754915
activated,editor,org.eclipse.cdt.ui,5.2.2.201102110609,"org.eclipse.cdt.ui.editor.CEditor",1605621758086
activated,view,com.altera.sbtgui.launch,11.1.0.259,"com.altera.sbtgui.launch.hardware.ByteStreamConsoleView",1605621760660
deactivated,workbench,org.eclipse.ui.workbench,3.6.2.M20110210-1200,"",1605621773987
activated,editor,org.eclipse.cdt.ui,5.2.2.201102110609,"org.eclipse.cdt.ui.editor.CEditor",1605623073697
activated,workbench,org.eclipse.ui.workbench,3.6.2.M20110210-1200,"",1605623073700
deactivated,workbench,org.eclipse.ui.workbench,3.6.2.M20110210-1200,"",1605623080976
activated,workbench,org.eclipse.ui.workbench,3.6.2.M20110210-1200,"",1605687287943
deactivated,workbench,org.eclipse.ui.workbench,3.6.2.M20110210-1200,"",1605687288501
activated,workbench,org.eclipse.ui.workbench,3.6.2.M20110210-1200,"",1605805588975
deactivated,workbench,org.eclipse.ui.workbench,3.6.2.M20110210-1200,"",1605805589048
activated,workbench,org.eclipse.ui.workbench,3.6.2.M20110210-1200,"",1605808094776
deactivated,workbench,org.eclipse.ui.workbench,3.6.2.M20110210-1200,"",1605808095937
activated,workbench,org.eclipse.ui.workbench,3.6.2.M20110210-1200,"",1605808097173
started,bundle,org.eclipse.cdt.mylyn.ui,1.1.4.v20110204-0100-e3x,"org.eclipse.cdt.mylyn.ui",1605808097813
closed,workbench,org.eclipse.ui.workbench,3.6.2.M20110210-1200,"",1605808098426
stopped,bundle,com.altera.debug.cdi.gdb.plugin,11.1.0.259,"com.altera.debug.cdi.gdb.plugin",1605808099573
stopped,bundle,com.altera.sbtgui.flash.plugin,11.1.0.259,"com.altera.sbtgui.flash.plugin",1605808099627
stopped,bundle,com.altera.sbtgui.gprof,11.1.0.259,"com.altera.sbtgui.gprof",1605808099641
stopped,bundle,com.altera.sbtgui.launch,11.1.0.259,"com.altera.sbtgui.launch",1605808099642
stopped,bundle,com.altera.sbtgui.ui,11.1.0.259,"com.altera.sbtgui.ui",1605808099660
stopped,bundle,com.altera.sbtgui.project,11.1.0.259,"com.altera.sbtgui.project",1605808099660
stopped,bundle,com.altera.sbtgui.core,11.1.0.259,"com.altera.sbtgui.core",1605808099660
stopped,bundle,org.eclipse.compare.win32,1.0.101.R36x_v20101103-0618,"org.eclipse.compare.win32",1605808099923
stopped,bundle,org.eclipse.epp.mpc.ui,1.0.1.v20100826-2143,"org.eclipse.epp.mpc.ui",1605808099942
activated,perspective,com.altera.sbtgui.ui,,"com.altera.sbtgui.ui.cPerspective",1606465852439
started,bundle,org.eclipse.osgi,3.6.2.R36x_v20110210,"org.eclipse.osgi",1606465852441
started,bundle,org.eclipse.equinox.simpleconfigurator,1.0.200.v20100503,"org.eclipse.equinox.simpleconfigurator",1606465852443
started,bundle,com.ibm.icu,4.2.1.v20100412,"com.ibm.icu",1606465852444
started,bundle,org.eclipse.core.contenttype,3.4.100.v20100505-1235,"org.eclipse.core.contenttype",1606465852446
started,bundle,org.eclipse.core.databinding.observable,1.3.0.I20100601-0800,"org.eclipse.core.databinding.observable",1606465852447
started,bundle,org.eclipse.core.expressions,3.4.200.v20100505,"org.eclipse.core.expressions",1606465852448
started,bundle,org.eclipse.core.filebuffers,3.5.100.v20100520-0800,"org.eclipse.core.filebuffers",1606465852450
started,bundle,org.eclipse.core.filesystem,1.3.1.R36x_v20100727-0745,"org.eclipse.core.filesystem",1606465852451
started,bundle,org.eclipse.core.jobs,3.5.1.R36x_v20100824,"org.eclipse.core.jobs",1606465852453
started,bundle,org.eclipse.core.net,1.2.100.I20100511-0800,"org.eclipse.core.net",1606465852454
started,bundle,org.eclipse.core.runtime,3.6.0.v20100505,"org.eclipse.core.runtime",1606465852455
started,bundle,org.eclipse.core.runtime.compatibility,3.2.100.v20100505,"org.eclipse.core.runtime.compatibility",1606465852457
started,bundle,org.eclipse.core.runtime.compatibility.auth,3.2.200.v20100517,"org.eclipse.core.runtime.compatibility.auth",1606465852459
started,bundle,org.eclipse.core.variables,3.2.400.v20100505,"org.eclipse.core.variables",1606465852460
started,bundle,org.eclipse.debug.core,3.6.0.v20100519,"org.eclipse.debug.core",1606465852462
started,bundle,org.eclipse.equinox.app,1.3.1.R36x_v20100803,"org.eclipse.equinox.app",1606465852481
started,bundle,org.eclipse.equinox.common,3.6.0.v20100503,"org.eclipse.equinox.common",1606465852483
started,bundle,org.eclipse.equinox.ds,1.2.1.R36x_v20100803,"org.eclipse.equinox.ds",1606465852485
started,bundle,org.eclipse.equinox.event,1.2.0.v20100503,"org.eclipse.equinox.event",1606465852487
started,bundle,org.eclipse.equinox.p2.metadata.repository,1.1.0.v20100513,"org.eclipse.equinox.p2.metadata.repository",1606465852488
started,bundle,org.eclipse.equinox.p2.operations,2.0.0.v20100510,"org.eclipse.equinox.p2.operations",1606465852489
started,bundle,org.eclipse.equinox.p2.ui.sdk.scheduler,1.0.0.v20100507-1815,"org.eclipse.equinox.p2.ui.sdk.scheduler",1606465852490
started,bundle,org.eclipse.equinox.p2.updatechecker,1.1.101.R36x_v20100823,"org.eclipse.equinox.p2.updatechecker",1606465852491
started,bundle,org.eclipse.equinox.preferences,3.3.0.v20100503,"org.eclipse.equinox.preferences",1606465852493
started,bundle,org.eclipse.equinox.registry,3.5.0.v20100503,"org.eclipse.equinox.registry",1606465852496
started,bundle,org.eclipse.equinox.security,1.0.200.v20100503,"org.eclipse.equinox.security",1606465852691
started,bundle,org.eclipse.equinox.util,1.0.200.v20100503,"org.eclipse.equinox.util",1606465852693
started,bundle,org.eclipse.help,3.5.0.v20100524,"org.eclipse.help",1606465852696
started,bundle,org.eclipse.jsch.core,1.1.200.I20100505-1245,"org.eclipse.jsch.core",1606465852698
started,bundle,org.eclipse.ltk.ui.refactoring,3.5.0.v20100526-0800,"org.eclipse.ltk.ui.refactoring",1606465852700
started,bundle,org.eclipse.mylyn.bugzilla.core,3.4.2.v20100902-0100-e3x,"org.eclipse.mylyn.bugzilla.core",1606465852701
started,bundle,org.eclipse.mylyn.commons.net,3.4.1.v20100625-2100-e3x,"org.eclipse.mylyn.commons.net",1606465852702
started,bundle,org.eclipse.mylyn.commons.ui,3.4.0.v20100608-0100-e3x,"org.eclipse.mylyn.commons.ui",1606465852704
started,bundle,org.eclipse.search,3.6.0.v20100520-0800,"org.eclipse.search",1606465852706
started,bundle,org.eclipse.ui.console,3.5.0.v20100526,"org.eclipse.ui.console",1606465852707
started,bundle,org.eclipse.ui.editors,3.6.1.r361_v20100825-0800,"org.eclipse.ui.editors",1606465852707
started,bundle,org.eclipse.ui.forms,3.5.2.r36_v20100702,"org.eclipse.ui.forms",1606465852708
started,bundle,org.eclipse.ui.intro,3.4.0.v20100427,"org.eclipse.ui.intro",1606465852710
started,bundle,org.eclipse.ui.intro.universal,3.2.402.r36_v20100702,"org.eclipse.ui.intro.universal",1606465852710
started,bundle,org.eclipse.ui.navigator,3.5.0.I20100601-0800,"org.eclipse.ui.navigator",1606465852712
started,bundle,org.eclipse.ui.net,1.2.100.I20100505-1245,"org.eclipse.ui.net",1606465852714
started,bundle,org.eclipse.ui.workbench.texteditor,3.6.1.r361_v20100714-0800,"org.eclipse.ui.workbench.texteditor",1606465852716
started,bundle,org.eclipse.update.configurator,3.3.100.v20100512,"org.eclipse.update.configurator",1606465852718
started,bundle,org.eclipse.update.core,3.2.402.R36x_v20100629,"org.eclipse.update.core",1606465852737
started,bundle,org.eclipse.update.scheduler,3.2.300.v20100512,"org.eclipse.update.scheduler",1606465852738
started,bundle,com.altera.sbtgui.integration,11.1.0.259,"com.altera.sbtgui.integration",1606465852739
started,bundle,com.altera.sbtgui.launch,11.1.0.259,"com.altera.sbtgui.launch",1606465852741
started,bundle,com.altera.sbtgui.project,11.1.0.259,"com.altera.sbtgui.project",1606465852743
started,bundle,com.altera.systemconsole,11.1.0.259,"com.altera.systemconsole",1606465852744
started,bundle,com.altera.utilities,11.1.0.259,"com.altera.utilities",1606465852745
started,bundle,org.eclipse.cdt.core,5.2.1.201102110609,"org.eclipse.cdt.core",1606465852745
started,bundle,org.eclipse.cdt.make.core,7.0.1.201102110609,"org.eclipse.cdt.make.core",1606465852747
started,bundle,org.eclipse.cdt.make.ui,7.0.0.201102110609,"org.eclipse.cdt.make.ui",1606465852749
started,bundle,org.eclipse.cdt.managedbuilder.core,7.0.2.201102110609,"org.eclipse.cdt.managedbuilder.core",1606465852751
started,bundle,org.eclipse.cdt.managedbuilder.gnu.ui,7.0.0.201102110609,"org.eclipse.cdt.managedbuilder.gnu.ui",1606465852753
started,bundle,org.eclipse.cdt.ui,5.2.2.201102110609,"org.eclipse.cdt.ui",1606465852753
started,bundle,org.eclipse.compare.core,3.5.101.R36x_v20100929-0800,"org.eclipse.compare.core",1606465852754
started,bundle,org.eclipse.core.resources,3.6.1.R36x_v20110131-1630,"org.eclipse.core.resources",1606465852757
started,bundle,org.eclipse.epp.usagedata.gathering,1.3.1.R201102081640,"org.eclipse.epp.usagedata.gathering",1606465852758
started,bundle,org.eclipse.epp.usagedata.recording,1.3.1.R201102081640,"org.eclipse.epp.usagedata.recording",1606465852759
started,bundle,org.eclipse.equinox.p2.core,2.0.3.R36x_v20110111,"org.eclipse.equinox.p2.core",1606465852761
started,bundle,org.eclipse.equinox.p2.directorywatcher,1.0.203.R36x_v20101220,"org.eclipse.equinox.p2.directorywatcher",1606465852764
started,bundle,org.eclipse.equinox.p2.engine,2.0.1.R36x_v20110201,"org.eclipse.equinox.p2.engine",1606465852766
started,bundle,org.eclipse.equinox.p2.metadata,2.0.1.R36x_v20101202,"org.eclipse.equinox.p2.metadata",1606465852767
started,bundle,org.eclipse.equinox.p2.reconciler.dropins,1.1.2.R36x_v20110114,"org.eclipse.equinox.p2.reconciler.dropins",1606465852769
started,bundle,org.eclipse.equinox.p2.repository,2.0.2.R36x_v20110111-1500,"org.eclipse.equinox.p2.repository",1606465852771
started,bundle,org.eclipse.jface,3.6.2.M20110210-1200,"org.eclipse.jface",1606465852773
started,bundle,org.eclipse.ltk.core.refactoring,3.5.101.r362_v20101117-0800,"org.eclipse.ltk.core.refactoring",1606465852774
started,bundle,org.eclipse.mylyn.bugzilla.ui,3.4.3.v20110131-0100-e3x,"org.eclipse.mylyn.bugzilla.ui",1606465852776
started,bundle,org.eclipse.mylyn.monitor.ui,3.4.1.v20110131-0100-e3x,"org.eclipse.mylyn.monitor.ui",1606465852777
started,bundle,org.eclipse.team.core,3.5.101.R36x_v20110203-1036,"org.eclipse.team.core",1606465852779
started,bundle,org.eclipse.team.cvs.core,3.3.301.R36x_v20110119-0815,"org.eclipse.team.cvs.core",1606465852781
started,bundle,org.eclipse.team.cvs.ui,3.3.302.R36x_v20110203-1036,"org.eclipse.team.cvs.ui",1606465852784
started,bundle,org.eclipse.team.ui,3.5.102.R36x_v20110203-1036,"org.eclipse.team.ui",1606465852787
started,bundle,org.eclipse.ui,3.6.2.M20110203-1100,"org.eclipse.ui",1606465852790
started,bundle,org.eclipse.ui.ide,3.6.2.M20101201-0800,"org.eclipse.ui.ide",1606465852795
started,bundle,org.eclipse.ui.navigator.resources,3.4.202.M20101124-0800,"org.eclipse.ui.navigator.resources",1606465852798
started,bundle,org.eclipse.ui.views,3.5.1.M20110202-0800,"org.eclipse.ui.views",1606465852799
started,bundle,org.eclipse.ui.workbench,3.6.2.M20110210-1200,"org.eclipse.ui.workbench",1606465852802
os,sysinfo,,,"win32",1606465852806
arch,sysinfo,,,"x86",1606465852806
ws,sysinfo,,,"win32",1606465852806
locale,sysinfo,,,"fr_FR",1606465852806
processors,sysinfo,,,"4",1606465852806
java.runtime.name,sysinfo,,,"Java(TM) SE Runtime Environment",1606465852806
java.runtime.version,sysinfo,,,"1.6.0_23-b05",1606465852806
java.specification.name,sysinfo,,,"Java Platform API Specification",1606465852806
java.specification.vendor,sysinfo,,,"Sun Microsystems Inc.",1606465852806
java.specification.version,sysinfo,,,"1.6",1606465852806
java.vendor,sysinfo,,,"Sun Microsystems Inc.",1606465852806
java.version,sysinfo,,,"1.6.0_23",1606465852806
java.vm.info,sysinfo,,,"mixed mode",1606465852806
java.vm.name,sysinfo,,,"Java HotSpot(TM) Client VM",1606465852806
java.vm.specification.name,sysinfo,,,"Java Virtual Machine Specification",1606465852806
java.vm.specification.vendor,sysinfo,,,"Sun Microsystems Inc.",1606465852806
java.vm.specification.version,sysinfo,,,"1.0",1606465852806
java.vm.vendor,sysinfo,,,"Sun Microsystems Inc.",1606465852806
java.vm.version,sysinfo,,,"19.0-b09",1606465852806
started,bundle,org.eclipse.mylyn.context.core,3.4.1.v20100909-0100-e3x,"org.eclipse.mylyn.context.core",1606465853092
started,bundle,org.eclipse.mylyn.context.ui,3.4.2.v20110131-0100-e3x,"org.eclipse.mylyn.context.ui",1606465853112
started,bundle,org.eclipse.mylyn.tasks.ui,3.4.3.v20110131-0100-e3x,"org.eclipse.mylyn.tasks.ui",1606465853425
started,bundle,org.eclipse.mylyn.team.ui,3.4.3.v20110131-0100-e3x,"org.eclipse.mylyn.team.ui",1606465853653
started,bundle,org.eclipse.epp.usagedata.ui,1.3.1.R201102081640,"org.eclipse.epp.usagedata.ui",1606465853818
deactivated,workbench,org.eclipse.ui.workbench,3.6.2.M20110210-1200,"",1606465856935
activated,workbench,org.eclipse.ui.workbench,3.6.2.M20110210-1200,"",1606465859796
activated,editor,org.eclipse.cdt.ui,5.2.2.201102110609,"org.eclipse.cdt.ui.editor.CEditor",1606465861058
opened,editor,org.eclipse.cdt.ui,5.2.2.201102110609,"org.eclipse.cdt.ui.editor.CEditor",1606465910675
activated,editor,org.eclipse.cdt.ui,5.2.2.201102110609,"org.eclipse.cdt.ui.editor.CEditor",1606465910814
activated,editor,org.eclipse.cdt.ui,5.2.2.201102110609,"org.eclipse.cdt.ui.editor.CEditor",1606465950650
activated,view,org.eclipse.ui.navigator.resources,3.4.202.M20101124-0800,"org.eclipse.ui.navigator.ProjectExplorer",1606466039552
deactivated,workbench,org.eclipse.ui.workbench,3.6.2.M20110210-1200,"",1606466046318
activated,workbench,org.eclipse.ui.workbench,3.6.2.M20110210-1200,"",1606466069842
started,bundle,org.eclipse.debug.ui,3.6.3.v20101201_r362,"org.eclipse.debug.ui",1606466070242
started,bundle,org.eclipse.cdt.debug.core,7.0.0.201102110609,"org.eclipse.cdt.debug.core",1606466070343
started,bundle,org.eclipse.cdt.debug.ui,7.0.0.201102110609,"org.eclipse.cdt.debug.ui",1606466070354
opened,editor,org.eclipse.cdt.ui,5.2.2.201102110609,"org.eclipse.cdt.ui.editor.CEditor",1606466070521
activated,editor,org.eclipse.cdt.ui,5.2.2.201102110609,"org.eclipse.cdt.ui.editor.CEditor",1606466070869
executed,command,org.eclipse.ui.ide,3.6.2.M20101201-0800,"org.eclipse.ui.edit.text.openLocalFile",1606466070876
deactivated,workbench,org.eclipse.ui.workbench,3.6.2.M20110210-1200,"",1606466084167
activated,workbench,org.eclipse.ui.workbench,3.6.2.M20110210-1200,"",1606466085318
deactivated,workbench,org.eclipse.ui.workbench,3.6.2.M20110210-1200,"",1606466265696
activated,workbench,org.eclipse.ui.workbench,3.6.2.M20110210-1200,"",1606467435954
deactivated,workbench,org.eclipse.ui.workbench,3.6.2.M20110210-1200,"",1606467449636
activated,workbench,org.eclipse.ui.workbench,3.6.2.M20110210-1200,"",1606467496364
activated,view,org.eclipse.ui.navigator.resources,3.4.202.M20101124-0800,"org.eclipse.ui.navigator.ProjectExplorer",1606467509166
deactivated,workbench,org.eclipse.ui.workbench,3.6.2.M20110210-1200,"",1606467515967
activated,workbench,org.eclipse.ui.workbench,3.6.2.M20110210-1200,"",1606467537406
executed,command,org.eclipse.ui.ide,3.6.2.M20101201-0800,"org.eclipse.ui.edit.text.openLocalFile",1606467537527
started,bundle,com.altera.sbtgui.core,11.1.0.259,"com.altera.sbtgui.core",1606467538758
started,bundle,org.eclipse.compare,3.5.101.R36x_v20100929-0800,"org.eclipse.compare",1606467538918
deactivated,workbench,org.eclipse.ui.workbench,3.6.2.M20110210-1200,"",1606467542820
opened,view,org.eclipse.ui.console,3.5.0.v20100526,"org.eclipse.ui.console.ConsoleView",1606467543552
activated,workbench,org.eclipse.ui.workbench,3.6.2.M20110210-1200,"",1606467549671
started,bundle,org.eclipse.cdt.launch,6.1.0.201102110609,"org.eclipse.cdt.launch",1606467561086
started,bundle,com.altera.debug.cdi.gdb.plugin,11.1.0.259,"com.altera.debug.cdi.gdb.plugin",1606467576928
deactivated,workbench,org.eclipse.ui.workbench,3.6.2.M20110210-1200,"",1606467577550
activated,workbench,org.eclipse.ui.workbench,3.6.2.M20110210-1200,"",1606467577826
deactivated,workbench,org.eclipse.ui.workbench,3.6.2.M20110210-1200,"",1606467577833
activated,workbench,org.eclipse.ui.workbench,3.6.2.M20110210-1200,"",1606467660920
executed,command,,,"com.altera.sbtgui.launch.hardware.Nios2HardwareLaunchShortcut.run",1606467660964
opened,view,com.altera.sbtgui.launch,11.1.0.259,"com.altera.sbtgui.launch.hardware.ByteStreamConsoleView",1606467666400
started,bundle,org.eclipse.cdt.debug.mi.ui,6.1.0.201102110609,"org.eclipse.cdt.debug.mi.ui",1606467666969
started,bundle,org.eclipse.cdt.dsf,2.1.1.201102110609,"org.eclipse.cdt.dsf",1606467667039
started,bundle,org.eclipse.cdt.dsf.gdb,3.0.0.201102110609,"org.eclipse.cdt.dsf.gdb",1606467667041
started,bundle,org.eclipse.cdt.dsf.gdb.ui,2.1.0.201102110609,"org.eclipse.cdt.dsf.gdb.ui",1606467667043
started,bundle,org.eclipse.cdt.debug.mi.core,7.0.1.201102110609,"org.eclipse.cdt.debug.mi.core",1606467667080
error,log,,,"Failed Executing: [nios2-download, '--cable=USB-Blaster on localhost [USB-1]', --device=1, --instance=0, --stop, --accept-bad-sysid, --sidp=Not Found] return code: 8",1606467672538
deactivated,workbench,org.eclipse.ui.workbench,3.6.2.M20110210-1200,"",1606467708005
activated,workbench,org.eclipse.ui.workbench,3.6.2.M20110210-1200,"",1606467717423
